USER_NAME,CREDITS
HOL_USER_99,0.001178992
HOL_USER_01,0.000614858
HOL_USER_12,0.000612651
HOL_USER_30,0.000612651
HOL_USER_15,0.000612469
HOL_USER_77,0.000612287
HOL_USER_28,0.000612287
HOL_USER_61,0.000611992
HOL_USER_34,0.000611810
HOL_USER_60,0.000611650
HOL_USER_24,0.000611650
HOL_USER_19,0.000611650
HOL_USER_16,0.000611650
HOL_USER_43,0.000611650
HOL_USER_32,0.000611377
HOL_USER_08,0.000611377
HOL_USER_44,0.000611104
HOL_USER_23,0.000607419
HOL_USER_39,0.000598889
